{
  "version": "4.0",
  "trained_at": "2026-03-19T18:50:55.515622",
  "total_rows": 2192,
  "session_id": 35,
  "global_mean": 35.31341240875913,
  "global_std": 9.946173842743686,
  "t_slope": 0.0004457294194694912,
  "hol_mult": 0.7639384269921559,
  "dowM": {
    "0": 0.6277422658108472,
    "1": 1.0837931903726985,
    "2": 1.1141078144062369,
    "3": 1.102944045675323,
    "4": 1.0537508533813775,
    "5": 0.8932830231679172,
    "6": 1.1275165151223525
  },
  "monM": {
    "0": 1.0148752905151113,
    "1": 0.9888892137457987,
    "2": 0.9473920213100673,
    "3": 0.9552555539765998,
    "4": 1.0460477651225173,
    "5": 1.0293539343986977,
    "6": 0.9187815701422352,
    "7": 0.9121088907104759,
    "8": 0.8660543189461761,
    "9": 1.0479889082299383,
    "10": 1.1053401716468363,
    "11": 1.185010774636119
  },
  "domM": {
    "0": 0.9978316934480969,
    "1": 1.048547145463445,
    "2": 1.0253422386433613,
    "3": 1.0131498299751815,
    "4": 1.0611328576370496,
    "5": 0.9919114406822236,
    "6": 1.0961368696198879,
    "7": 0.9907315301659483,
    "8": 0.9808989425303194,
    "9": 0.98247215655202,
    "10": 0.9938779582093493,
    "11": 1.0257355421487864,
    "12": 0.9561208216885351,
    "13": 1.045794020925469,
    "14": 0.950614572612583,
    "15": 0.9738194794326667,
    "16": 0.950221269107158,
    "17": 0.9289828798141999,
    "18": 0.9895516196496726,
    "19": 0.8967319923693378,
    "20": 0.984831977584571,
    "21": 0.998597600274451,
    "22": 1.0048904563612535,
    "23": 0.9966310827473254,
    "24": 0.9753926934543673,
    "25": 1.0579864295936485,
    "26": 0.9840453705737207,
    "27": 1.0784382118757563,
    "28": 0.948231616079713,
    "29": 1.0282920149340498,
    "30": 1.0782022297725011
  },
  "facilities": [
    "Dental",
    "ENT",
    "General Medicine",
    "Orthopaedic"
  ],
  "climate": "semi_arid",
  "cap_doctors": 3.8,
  "cap_defaults": {
    "doctors": 3.8,
    "counters": 3.0,
    "totalBeds": 100,
    "bedsOccupied": 72,
    "opdHrs": 6,
    "edBeds": 20,
    "edOccupied": 12,
    "admitRate": 8.0,
    "edRate": 3.0,
    "walkInPct": 36.0,
    "phonePct": 34.0
  },
  "best_model": "DT",
  "best_mae": 0.8,
  "best_rmse": 1.65,
  "best_mape": 2.27,
  "best_r2": 0.9699,
  "all_results": {
    "GBM": {
      "name": "GBM",
      "mae": 0.82,
      "rmse": 1.19,
      "mape": 2.47,
      "r2": 0.9843,
      "accuracy": 97.5
    },
    "RF": {
      "name": "RF",
      "mae": 1.37,
      "rmse": 1.89,
      "mape": 4.03,
      "r2": 0.9603,
      "accuracy": 96.0
    },
    "KNN": {
      "name": "KNN",
      "mae": 3.61,
      "rmse": 4.6,
      "mape": 10.74,
      "r2": 0.7652,
      "accuracy": 89.3
    },
    "Ridge": {
      "name": "Ridge",
      "mae": 1.88,
      "rmse": 2.33,
      "mape": 5.5,
      "r2": 0.9394,
      "accuracy": 94.5
    },
    "DT": {
      "name": "DT",
      "mae": 0.8,
      "rmse": 1.65,
      "mape": 2.27,
      "r2": 0.9699,
      "accuracy": 97.7
    }
  },
  "spec_info": {
    "Dental": {
      "rows": 548,
      "used_model": "GBM",
      "is_known_specialty": true,
      "paper_prior": "RF",
      "method": "data_verified",
      "all_mae": {
        "GBM": 1.09,
        "RF": 1.19,
        "KNN": 2.34,
        "Ridge": 1.81,
        "DT": 1.28
      }
    },
    "ENT": {
      "rows": 548,
      "used_model": "DT",
      "is_known_specialty": true,
      "paper_prior": "GBM",
      "method": "data_verified",
      "all_mae": {
        "GBM": 0.75,
        "RF": 1.41,
        "KNN": 3.86,
        "Ridge": 1.74,
        "DT": 0.47
      }
    },
    "General Medicine": {
      "rows": 548,
      "used_model": "GBM",
      "is_known_specialty": true,
      "paper_prior": "GBM",
      "method": "data_verified",
      "all_mae": {
        "GBM": 0.98,
        "RF": 2.24,
        "KNN": 5.98,
        "Ridge": 2.6,
        "DT": 1.3
      }
    },
    "Orthopaedic": {
      "rows": 548,
      "used_model": "DT",
      "is_known_specialty": true,
      "paper_prior": "RF",
      "method": "data_verified",
      "all_mae": {
        "GBM": 0.45,
        "RF": 0.62,
        "KNN": 2.23,
        "Ridge": 1.4,
        "DT": 0.17
      }
    }
  },
  "spec_best": {
    "Dental": "GBM",
    "ENT": "DT",
    "General Medicine": "GBM",
    "Orthopaedic": "DT"
  },
  "feature_importance": {
    "day_of_week": 0.08628090943147049,
    "month": 0.011544579740738744,
    "day_of_month": 0.009830268640658623,
    "lagged_arrivals": 0.04264196706775552,
    "revisit_rate": 0.5521001296725154,
    "holiday": 0.0011021021661002895,
    "hour_of_day": 0.0,
    "morning_shift": 0.0,
    "temperature": 0.015940754445316282,
    "air_quality": 0.019501579553176787,
    "rainfall": 0.011419222380810468,
    "seasonal_prior": 0.007371684071397094,
    "doctor_load": 0.1838900090930877,
    "weekend_flag": 0.003825957260102748,
    "peak_month_flag": 0.005717300036530071,
    "early_month_flag": 0.001482837469989129,
    "lagged_ratio": 0.04735069897035078
  },
  "training_time_sec": 2.15,
  "gpu_used": "NVIDIA GeForce RTX 3050 Laptop GPU, 4096 MiB",
  "cpu_cores": 12
}